use my_project;
INSERT INTO `staff` VALUES ('NV-0000','NV-0000','Nguyễn Đình Giang San','2003-10-22','0912345678','lam123@gmail.com','Cầu Giấy','$2a$04$LJPAEJsZ2d6gYxcfYln/d.P7bDMHELRId1w9JbUrQclQU680TjtQ6','ADMIN'),('NV-0001','NV-0001','Trần Văn B','2002-11-20','0912345671','lam124@gmail.com','Cầu Giấy','$2a$04$qZyKfwL.RlPJiH1vJAu4nuis9dR.c2aJ6pFai8738T1VZn/xZKNK6','STAFF'),('NV-0002','NV-0002','Trần Văn C','2002-11-20','84900123133','lam125@gmail.com','Hà Đông','$2a$04$uH9Hb.3zZoPENl2j2RDEP.vpub7s8M6vYvGGpVNUiwx59SFe/7Zsq','STAFF'),('NV-0003','NV-0003','Trần Văn D','2002-11-20','84900123433','lam126@gmail.com','Cầu Giấy','$2a$04$/iZowWGWs2wZom8kUU60we3c4oHgX5SEyJWbTKjlWsWKYYJ5./VaC','STAFF'),('NV-0004','NV-0004','Trần Văn E','2002-11-20','0910128131','lam127@gmail.com','Từ Liêm','$2a$04$mTnVs8dhwbdLgxVeGR.KGOTmFPXyChVSoAXWE88PoLJAdJv3nninS','STAFF'),('NV-0005','NV-0005','Trần Văn F','2002-11-20','84900123134','lam128@gmail.com','Đống Đa','$2a$04$NkGKPB/2N/1TSZPvysr39e9HvhSqiyDenyTdFJg0sOio0rDhwT28C','STAFF'),('NV-0006','NV-0006','Trần Văn G','2002-11-20','0910123139','lam129@gmail.com','Hoàng Mai','$2a$04$vDNN8ZbBcP8rt6A8ePd2SeYNlNsM6B9gBrfGRauCci3l69VMkgl0K','STAFF'),('NV-0007','NV-0007','Trần Văn H','2002-11-20','0910123109','lam133@gmail.com','Cầu Giấy','$2a$04$YbFH9Wvi41P9SLda6QM1Y.XigaGpCm9o1iummRTH3wY/U794HM/bK','STAFF'),('NV-0008','NV-0008','Trần Văn I','2002-11-20','0910129139','lam153@gmail.com','Long Biên','$2a$04$DeyC6tSFzQPShVfHDBJtn.FkDk8HZANoj5iAkwcu5k/ZSs8b.s71m','STAFF'),('NV-0009','NV-0009','Trần Văn K','2002-11-20','84900123138','lam173@gmail.com','Đống Đa','$2a$04$.pG9HOXcVkMNiHIrrc.YHeW.vrzNlencUpRfW7DFufeDFCBrKqr8C','STAFF'),('NV-0010','NV-0010','Trần Văn L','2002-11-20','0910127139','lam183@gmail.com','Cầu Giấy','$2a$04$xHE5onmk.85CgRcIraj4q.cfebPM75OU.3xbpEVOWuS9RI7XBokPi','STAFF'),('NV-0011','NV-0011','Trần Văn M','2002-11-20','0910823139','lam223@gmail.com','Long Biên','$2a$04$WFRggpQbhP/UnM9DraO89u4tahudrRNcqp7SIIC04WiqBJJr/CroG','STAFF');

INSERT INTO `product` VALUES 
('0001','khoai tây chiên',100,2500),
('0003','Cục tẩy',10000 , 100),
('0006','Bim Bim',10000 , 100),
('0007','Giấy nhớ',10000 , 100),
('0010','Áo phông',10000 , 100),
('0011','Sách tiểu thuyết',10000 , 100),
('0012','Balo',10000 , 100),
('0013','Laptop',10000 , 100),
('0014','Điện thoại',10000 , 100),
('0015','Gấu bông',10000 , 100),
('0016','Tai nghe có dây',10000 , 100),
('0018','Tai nghe ko có dây',10000 , 100),
('0019','Ipad',10000 , 100),
('0022','iphone',10000 , 100),
('0101','a',10000 , 100),
('0104','n',10000 , 100);

INSERT INTO `staff` VALUES 
('NV-0000','Cầu Giấy','2003-10-22','lam123@gmail.com','NV-0000','0912345678','Nguyễn Văn A'),
('NV-0001','Cầu Giấy','2003-10-22','lam123@gmail.com','NV-0001','0912345678','Nguyễn Văn B'),
('NV-0002','Cầu Giấy','2003-10-22','lam123@gmail.com','NV-0002','0912345678','Nguyễn Văn C'),
('NV-0003','Cầu Giấy','2003-10-22','lam123@gmail.com','NV-0003','0912345678','Nguyễn Văn D'),
('NV-0004','Cầu Giấy','2003-10-22','lam123@gmail.com','NV-0004','0912345678','Nguyễn Văn E'),
('NV-0005','Cầu Giấy','2003-10-22','lam123@gmail.com','NV-0005','0912345678','Nguyễn Văn F'),
('NV-0006','Cầu Giấy','2003-10-22','lam123@gmail.com','NV-0006','0912345678','Nguyễn Văn G'),
('NV-0007','Cầu Giấy','2003-10-22','lam123@gmail.com','NV-0007','0912345678','Nguyễn Văn H'),
('NV-0008','Cầu Giấy','2003-10-22','lam123@gmail.com','NV-0008','0912345678','Nguyễn Văn I'),
('NV-0009','Cầu Giấy','2003-10-22','lam123@gmail.com','NV-0009','0912345678','Nguyễn Văn K'),
('NV-0010','Cầu Giấy','2003-10-22','lam123@gmail.com','NV-0010','0912345678','Nguyễn Văn L'),
('NV-0011','Cầu Giấy','2003-10-22','lam123@gmail.com','NV-0011','0912345678','Nguyễn Văn M'),
('NV-0012','Cầu Giấy','2003-10-22','lam123@gmail.com','NV-0012','0912345678','Nguyễn Văn N');


INSERT INTO `customer` VALUES 
('KH-0001', 0, '2003-10-22', 'lam123@gmail.com', 'Nguyễn Đình Lâm', '0912345678', 'T'),
('KH-0002', 0, '2000-10-12', 'abcde@gmail.com', 'Nguyễn Văn A', '84900123133', 'T'),
('KH-0003', 0, '2001-02-12', 'abcde@gmail.com', 'Nguyễn Văn B', '0910123134', 'T'),
('KH-0004', 0, '2002-10-12', 'abcdaa@gmail.com', 'Nguyễn Văn C', '84910123135', 'T'),
('KH-0005', 0, '2003-06-12', 'afbcde@gmail.com', 'Nguyễn Văn D', '0900123131', 'T'),
('KH-0006', 0, '2004-10-12', 'abcade@gmail.com', 'Nguyễn Văn E', '0900123137', 'T'),
('KH-0007', 0, '2000-03-13', 'abcbde@gmail.com', 'Nguyễn Văn F', '84900123138', 'T'),
('KH-0008', 0, '2000-10-16', 'abcdze@gmail.com', 'Nguyễn Văn G', '0910123139', 'T'),
('KH-0009', 0, '2000-10-18', 'abcdce@gmail.com', 'Nguyễn Văn H', '84900123130', 'T'),
('KH-0010', 0, '2000-11-12', 'abcpde@gmail.com', 'Nguyễn Văn I', '0900123133', 'T'),
('KH-0011', 0, '2000-12-12', 'abcpdu@gmail.com', 'Nguyễn Văn K', '84900123133', 'T'),
('KH-0012', 0, '2000-10-18', 'lam122@gmail.com', 'Nguyễn Văn L', '0900123131', 'T'),
('KH-0013', 0, '2000-10-18', 'lam1234@gmail.com', 'Nguyễn Văn M', '0900123130', 'T'),
('KH-0014', 0, '2000-10-18', 'lam1231@gmail.com', 'Nguyễn Văn N', '0900123135', 'T'),
('KH-0015', 0, '2000-02-22', 'c@gmail.com', 'Nguyễn A', '0912345678', 'T'),
('KH-0016', 0, '2003-10-22', 'd@gmail.com', 'Nguyễn A', '0912345678', 'T'),
('KH-0017', 0, '2001-11-11', 'a@gmail.com', 'Nguyễn B', '0912345689', 'T'),
('KH-0018', 0, '2003-02-22', 'abc@gmail.com', 'Phạm C', '0912345678', 'T'),
('KH-0019', 0, '2000-02-22', 'ava@gmail.com', 'Phạm B', '0912345678', 'T'),
('KH-0020', 0, '2000-02-22', 'ava@gmail.com', 'Phạm B', '0912345678', 'T'),
('KH-0021', 0, '2000-02-22', 'aav@gmail.com', 'Phạm B', '0912345678', 'T'),
('KH-0022', 0, '2000-02-22', 'ad@gmail.com', 'Trầng A', '0912345678', 'T'),
('KH-0023', 0, '2000-02-22', 'abc@gmail.com', 'Trần A', '0912345678', 'T'),
('KH-0024', 0, '2000-02-22', 'abc@gmail.com', 'Trần A', '0912345678', 'T');

UPDATE `customer` SET `billspend` = '12345' WHERE (`id` = 'KH-0001');


INSERT INTO `role` VALUES ('1', 'ADMIN');
INSERT INTO `role` VALUES ('2', 'STAFF');


-- phải thêm dữ liệu và bảng role trước
INSERT INTO `users_roles`  VALUES ('NV-0000', '2');
INSERT INTO `users_roles`  VALUES ('NV-0001', '1');
INSERT INTO `users_roles`  VALUES ('NV-0002', '2');
INSERT INTO `users_roles`  VALUES ('NV-0003', '1');
INSERT INTO `users_roles`  VALUES ('NV-0004', '2');
INSERT INTO`users_roles`   VALUES ('NV-0005', '1');
INSERT INTO `users_roles`  VALUES ('NV-0006', '2');
INSERT INTO `users_roles`  VALUES ('NV-0007', '1');
INSERT INTO `users_roles`  VALUES ('NV-0008', '2');
INSERT INTO `users_roles`  VALUES ('NV-0009', '1');
INSERT INTO `users_roles`  VALUES ('NV-0010', '2');
INSERT INTO `users_roles`  VALUES ('NV-0011', '1');
INSERT INTO `users_roles`  VALUES ('NV-0012', '2');

INSERT INTO `orders` (`id`, `date_buy`, `total`) VALUES ('1', '2022-10-22', '50000');
UPDATE `orders` SET `total` = '12345' WHERE (`id` = '1');
INSERT INTO `orders` (`id`, `date_buy`, `total`) VALUES ('2', '2022-10-22', '60000');
INSERT INTO `orders` (`id`, `date_buy`, `total`) VALUES ('3', '2022-10-22', '70000');
INSERT INTO `orders` (`id`, `date_buy`, `total`) VALUES ('4', '2022-10-22', '80000');
INSERT INTO `orders` (`id`, `date_buy`, `total`) VALUES ('5', '2022-10-22', '90000');
INSERT INTO `orders` (`id`, `date_buy`, `total`) VALUES ('6', '2022-10-22', '100000');
INSERT INTO `orders` (`id`, `date_buy`, `total`) VALUES ('7', '2022-10-22', '110000');

INSERT INTO `order_detail` (`id`, `quantity`,`order_id`, `product_id`) VALUES ('1', '2','1', '0003');
INSERT INTO `order_detail` (`id`, `quantity`,`order_id`, `product_id`) VALUES ('2', '2','1', '0007');
INSERT INTO `order_detail` (`id`, `quantity`, `order_id`, `product_id`) VALUES ('3', '3', '1', '0015');
INSERT INTO `order_detail` (`id`, `quantity`, `order_id`, `product_id`) VALUES ('4', '1', '1', '0014');

INSERT INTO `order_detail` (`id`, `quantity`,`order_id`, `product_id`) VALUES ('35', '2','2', '0003');
INSERT INTO `order_detail` (`id`, `quantity`,`order_id`, `product_id`) VALUES ('36', '2','2', '0007');
INSERT INTO `order_detail` (`id`, `quantity`, `order_id`, `product_id`) VALUES ('37', '1', '2', '0015');
INSERT INTO `order_detail` (`id`, `quantity`, `order_id`, `product_id`) VALUES ('38', '1', '2', '0014');

INSERT INTO `order_detail` (`id`, `quantity`,`order_id`, `product_id`) VALUES ('5', '2','3', '0003');
INSERT INTO `order_detail` (`id`, `quantity`,`order_id`, `product_id`) VALUES ('6', '2','3', '0007');
INSERT INTO `order_detail` (`id`, `quantity`, `order_id`, `product_id`) VALUES ('7', '1', '3', '0015');
INSERT INTO `order_detail` (`id`, `quantity`, `order_id`, `product_id`) VALUES ('8', '1', '3', '0014');
INSERT INTO `order_detail` (`id`, `quantity`, `order_id`, `product_id`) VALUES ('9', '1', '3', '0016');

INSERT INTO `order_detail` (`id`, `quantity`,`order_id`, `product_id`) VALUES ('10', '2','4', '0003');
INSERT INTO `order_detail` (`id`, `quantity`,`order_id`, `product_id`) VALUES ('11', '2','4', '0007');
INSERT INTO `order_detail` (`id`, `quantity`, `order_id`, `product_id`) VALUES ('12', '1', '4', '0015');
INSERT INTO `order_detail` (`id`, `quantity`, `order_id`, `product_id`) VALUES ('13', '1', '4', '0011');
INSERT INTO `order_detail` (`id`, `quantity`, `order_id`, `product_id`) VALUES ('14', '1', '4', '0012');
INSERT INTO `order_detail` (`id`, `quantity`, `order_id`, `product_id`) VALUES ('15', '1', '4', '0013');

INSERT INTO `order_detail` (`id`, `quantity`,`order_id`, `product_id`) VALUES ('16', '2','5', '0003');
INSERT INTO `order_detail` (`id`, `quantity`,`order_id`, `product_id`) VALUES ('17', '2','5', '0007');
INSERT INTO `order_detail` (`id`, `quantity`, `order_id`, `product_id`) VALUES ('18', '1', '5', '0015');
INSERT INTO `order_detail` (`id`, `quantity`, `order_id`, `product_id`) VALUES ('19', '1', '5', '0011');
INSERT INTO `order_detail` (`id`, `quantity`, `order_id`, `product_id`) VALUES ('20', '1', '5', '0012');
INSERT INTO `order_detail` (`id`, `quantity`, `order_id`, `product_id`) VALUES ('21', '1', '5', '0013');
INSERT INTO `order_detail` (`id`, `quantity`, `order_id`, `product_id`) VALUES ('22', '1', '5', '0014');

INSERT INTO `order_detail` (`id`, `quantity`,`order_id`, `product_id`) VALUES ('23', '2','6', '0003');
INSERT INTO `order_detail` (`id`, `quantity`,`order_id`, `product_id`) VALUES ('24', '2','6', '0007');
INSERT INTO `order_detail` (`id`, `quantity`, `order_id`, `product_id`) VALUES ('25', '1', '6', '0015');
INSERT INTO `order_detail` (`id`, `quantity`, `order_id`, `product_id`) VALUES ('26', '1', '6', '0022');
INSERT INTO `order_detail` (`id`, `quantity`, `order_id`, `product_id`) VALUES ('27', '1', '6', '0010');
INSERT INTO `order_detail` (`id`, `quantity`, `order_id`, `product_id`) VALUES ('28', '1', '6', '0011');
INSERT INTO `order_detail` (`id`, `quantity`, `order_id`, `product_id`) VALUES ('29', '1', '6', '0012');
INSERT INTO `order_detail` (`id`, `quantity`, `order_id`, `product_id`) VALUES ('30', '1', '6', '0013');

INSERT INTO `order_detail` (`id`, `quantity`,`order_id`, `product_id`) VALUES ('31', '2','7', '0003');
INSERT INTO `order_detail` (`id`, `quantity`,`order_id`, `product_id`) VALUES ('32', '3','7', '0007');
INSERT INTO `order_detail` (`id`, `quantity`, `order_id`, `product_id`) VALUES ('33', '3', '7', '0015');
INSERT INTO `order_detail` (`id`, `quantity`, `order_id`, `product_id`) VALUES ('34', '3', '7', '0014');

INSERT INTO `orders_staff` (`order_id`, `staff_id`) VALUES ('1', 'NV-0000');
INSERT INTO `orders_staff` (`order_id`, `staff_id`) VALUES ('2', 'NV-0001');
INSERT INTO `orders_staff` (`order_id`, `staff_id`) VALUES ('3', 'NV-0002');
INSERT INTO `orders_staff` (`order_id`, `staff_id`) VALUES ('4', 'NV-0003');
INSERT INTO `orders_staff` (`order_id`, `staff_id`) VALUES ('5', 'NV-0004');
INSERT INTO `orders_staff` (`order_id`, `staff_id`) VALUES ('6', 'NV-0005');
INSERT INTO `orders_staff` (`order_id`, `staff_id`) VALUES ('7', 'NV-0006');

INSERT INTO `orders_customers` (`order_id`, `customer_id`) VALUES ('1', 'KH-0001');
INSERT INTO `orders_customers` (`order_id`, `customer_id`) VALUES ('2', 'KH-0002');
INSERT INTO `orders_customers` (`order_id`, `customer_id`) VALUES ('3', 'KH-0003');
INSERT INTO `orders_customers` (`order_id`, `customer_id`) VALUES ('4', 'KH-0004');
INSERT INTO `orders_customers` (`order_id`, `customer_id`) VALUES ('5', 'KH-0005');
INSERT INTO `orders_customers` (`order_id`, `customer_id`) VALUES ('6', 'KH-0006');
INSERT INTO `orders_customers` (`order_id`, `customer_id`) VALUES ('7', 'KH-0007');

